{
  "hash": "70b1f8f7",
  "configHash": "7241740f",
  "lockfileHash": "a521a04d",
  "browserHash": "b27e8578",
  "optimized": {
    "@angular/common": {
      "src": "../../../../../../node_modules/@angular/common/fesm2022/common.mjs",
      "file": "@angular_common.js",
      "fileHash": "c7d0232f",
      "needsInterop": false
    },
    "@angular/core": {
      "src": "../../../../../../node_modules/@angular/core/fesm2022/core.mjs",
      "file": "@angular_core.js",
      "fileHash": "fe5d41a1",
      "needsInterop": false
    },
    "@angular/platform-browser": {
      "src": "../../../../../../node_modules/@angular/platform-browser/fesm2022/platform-browser.mjs",
      "file": "@angular_platform-browser.js",
      "fileHash": "67b8da7f",
      "needsInterop": false
    },
    "@angular/router": {
      "src": "../../../../../../node_modules/@angular/router/fesm2022/router.mjs",
      "file": "@angular_router.js",
      "fileHash": "003b8801",
      "needsInterop": false
    }
  },
  "chunks": {
    "chunk-77QAW2CJ": {
      "file": "chunk-77QAW2CJ.js"
    },
    "chunk-63OM5N6H": {
      "file": "chunk-63OM5N6H.js"
    },
    "chunk-TAFR5O5T": {
      "file": "chunk-TAFR5O5T.js"
    }
  }
}